month,trip_duration
1,1166.8065078931327
2,1422.1494080906384
3,1468.6616705900985
4,1214.9079755757416
5,1329.3031938343975
6,1388.4527056447796
7,1805.6872612436414
8,1936.7366516205116
9,1437.675653208818
10,1308.7464051900824
11,1092.1439860467478
12,1014.9092216232946
